game_id,date,trajectory,event,coordX,coordY,pitchername,pitcherid,pitcher_hand,batter_name,batter_id,bat_side,split_batter,split_pitcher,balls,strikes,outs,isOut
787170,2024-10-13,ground_ball,field_out,155.26,150.13,Edgar Torres,664475,Left,Clay Dungan,687867,Left,vs_LHP,vs_LHB,0,1,0,True
787170,2024-10-13,line_drive,single,138.51,86.06,Edgar Torres,664475,Left,Norberto Obeso,650995,Left,vs_LHP,vs_LHB,1,0,1,False
787170,2024-10-13,ground_ball,field_error,100.45,167.92,Edgar Torres,664475,Left,Wynton Bernard,592144,Right,vs_LHP,vs_RHB,2,0,1,False
787170,2024-10-13,ground_ball,field_out,105.53,165.89,Edgar Torres,664475,Left,Alejandro Mejia,606143,Right,vs_LHP,vs_RHB,0,0,1,True
787170,2024-10-13,ground_ball,single,142.57,106.91,Edgar Torres,664475,Left,Conner Capel,668843,Left,vs_LHP,vs_LHB,1,0,2,False
787170,2024-10-13,ground_ball,field_out,108.06,148.09,Edgar Torres,664475,Left,Moises Gutierrez,605011,Right,vs_LHP,vs_RHB,0,2,2,True
787170,2024-10-13,ground_ball,field_out,108.06,150.13,Adrián Martínez,661309,Right,Brandon Villarreal,661311,Right,vs_RHP,vs_RHB,1,0,0,True
787170,2024-10-13,line_drive,field_out,104.0,165.89,Adrián Martínez,661309,Right,Carlos Sepulveda,661148,Left,vs_RHP,vs_LHB,0,2,1,True
787170,2024-10-13,fly_ball,field_out,200.42,145.55,Edgar Torres,664475,Left,Alex D. Mejia,622270,Right,vs_LHP,vs_RHB,0,0,0,True
787170,2024-10-13,ground_ball,single,89.8,108.94,Edgar Torres,664475,Left,Julian Leon,624645,Right,vs_LHP,vs_RHB,1,1,1,False
787170,2024-10-13,fly_ball,field_out,76.6,120.13,Edgar Torres,664475,Left,Clay Dungan,687867,Left,vs_LHP,vs_LHB,0,0,1,True
787170,2024-10-13,ground_ball,field_out,113.14,141.99,Edgar Torres,664475,Left,Norberto Obeso,650995,Left,vs_LHP,vs_LHB,0,1,2,True
787170,2024-10-13,ground_ball,field_out,104.0,160.81,Adrián Martínez,661309,Right,Yermín Mercedes,606213,Right,vs_RHP,vs_RHB,2,1,0,True
787170,2024-10-13,line_drive,double,180.63,81.48,Adrián Martínez,661309,Right,Carter Aldrete,666177,Right,vs_RHP,vs_RHB,2,2,1,False
787170,2024-10-13,ground_ball,grounded_into_double_play,149.68,153.18,Adrián Martínez,661309,Right,Ricardo Valenzuela,594020,Right,vs_RHP,vs_RHB,1,1,1,True
787170,2024-10-13,line_drive,double,165.91,89.62,Edgar Torres,664475,Left,Wynton Bernard,592144,Right,vs_LHP,vs_RHB,0,1,0,False
787170,2024-10-13,ground_ball,field_out,161.35,150.13,Adrián Martínez,661309,Right,Brandon Villarreal,661311,Right,vs_RHP,vs_RHB,3,2,0,True
787170,2024-10-13,line_drive,double,56.81,120.64,Adrián Martínez,661309,Right,Carlos Sepulveda,661148,Left,vs_RHP,vs_LHB,0,1,1,False
787170,2024-10-13,line_drive,field_out,159.83,150.64,Adrián Martínez,661309,Right,Dustin Peterson,640460,Right,vs_RHP,vs_RHB,1,2,1,True
787170,2024-10-13,line_drive,field_out,158.3,136.91,Adrián Martínez,661309,Right,Yermín Mercedes,606213,Right,vs_RHP,vs_RHB,1,1,2,True
787170,2024-10-13,ground_ball,field_out,147.65,158.77,Edgar Torres,664475,Left,Javier Salazar,665745,Left,vs_LHP,vs_LHB,0,1,0,True
787170,2024-10-13,line_drive,field_out,79.65,123.18,Edgar Torres,664475,Left,Julian Leon,624645,Right,vs_LHP,vs_RHB,0,0,1,True
787170,2024-10-13,fly_ball,field_out,134.45,86.06,Adrián Martínez,661309,Right,Cesar Mendoza,673374,Right,vs_RHP,vs_RHB,2,1,0,True
787170,2024-10-13,ground_ball,field_out,108.06,145.04,Adrián Martínez,661309,Right,Carter Aldrete,666177,Right,vs_RHP,vs_RHB,2,1,1,True
787170,2024-10-13,popup,field_out,110.09,176.57,Adrián Martínez,661309,Right,Emmanuel Avila,500869,Left,vs_RHP,vs_LHB,1,0,2,True
787170,2024-10-13,fly_ball,field_out,127.35,81.48,Edgar Torres,664475,Left,Norberto Obeso,650995,Left,vs_LHP,vs_LHB,0,1,0,True
787170,2024-10-13,fly_ball,field_out,183.17,107.42,Edgar Torres,664475,Left,Wynton Bernard,592144,Right,vs_LHP,vs_RHB,0,1,1,True
787170,2024-10-13,fly_ball,field_out,182.66,117.08,Edgar Torres,664475,Left,Alejandro Mejia,606143,Right,vs_LHP,vs_RHB,1,2,2,True
787170,2024-10-13,ground_ball,field_out,101.97,160.3,Adrián Martínez,661309,Right,Ricardo Valenzuela,594020,Right,vs_RHP,vs_RHB,2,2,0,True
787170,2024-10-13,ground_ball,field_out,99.94,148.6,Adrián Martínez,661309,Right,Brandon Villarreal,661311,Right,vs_RHP,vs_RHB,2,2,2,True
787170,2024-10-13,bunt_grounder,single,110.09,173.52,Edgar Torres,664475,Left,Conner Capel,668843,Left,vs_LHP,vs_LHB,0,0,0,False
787170,2024-10-13,line_drive,double,89.8,66.23,Edgar Torres,664475,Left,Alex D. Mejia,622270,Right,vs_LHP,vs_RHB,0,1,1,False
787170,2024-10-13,ground_ball,field_out,152.21,152.67,Edgar Torres,664475,Left,Javier Salazar,665745,Left,vs_LHP,vs_LHB,0,1,1,True
787170,2024-10-13,fly_ball,field_out,80.15,122.16,Nestor Anguamea,691959,Right,Julian Leon,624645,Right,vs_RHP,vs_RHB,1,1,2,True
787170,2024-10-13,ground_ball,field_out,104.0,149.62,Eli Villalobos,681871,Right,Carlos Sepulveda,661148,Left,vs_RHP,vs_LHB,1,1,0,True
787170,2024-10-13,ground_ball,field_out,125.32,194.36,Eli Villalobos,681871,Right,Dustin Peterson,640460,Right,vs_RHP,vs_RHB,1,1,1,True
787170,2024-10-13,fly_ball,field_out,74.06,94.7,Eli Villalobos,681871,Right,Yermín Mercedes,606213,Right,vs_RHP,vs_RHB,0,1,2,True
787170,2024-10-13,line_drive,double_play,101.47,165.38,Nestor Anguamea,691959,Right,Norberto Obeso,650995,Left,vs_RHP,vs_LHB,0,1,0,True
787170,2024-10-13,popup,field_out,109.59,120.64,Nestor Anguamea,691959,Right,Wynton Bernard,592144,Right,vs_RHP,vs_RHB,3,2,2,True
787170,2024-10-13,ground_ball,field_out,158.81,165.89,Trevor Kuncl,805321,Right,Cesar Mendoza,673374,Right,vs_RHP,vs_RHB,0,2,0,True
787170,2024-10-13,fly_ball,field_out,86.24,87.58,Trevor Kuncl,805321,Right,Carter Aldrete,666177,Right,vs_RHP,vs_RHB,3,2,1,True
787170,2024-10-13,popup,field_out,102.99,165.38,Trevor Kuncl,805321,Right,Emmanuel Avila,500869,Left,vs_RHP,vs_LHB,1,0,2,True
787170,2024-10-13,ground_ball,field_out,155.26,158.77,Matt Turner,676666,Left,Alejandro Mejia,606143,Right,vs_LHP,vs_RHB,0,0,0,True
787170,2024-10-13,ground_ball,field_out,157.8,165.89,Matt Turner,676666,Left,Conner Capel,668843,Left,vs_LHP,vs_LHB,2,2,1,True
787170,2024-10-13,fly_ball,home_run,37.02,61.14,Matt Turner,676666,Left,Moises Gutierrez,605011,Right,vs_LHP,vs_RHB,1,2,2,False
787170,2024-10-13,fly_ball,double,165.41,67.25,Matt Turner,676666,Left,Alex D. Mejia,622270,Right,vs_LHP,vs_RHB,0,1,2,False
787170,2024-10-13,popup,field_out,89.8,188.26,Matt Turner,676666,Left,Javier Salazar,665745,Left,vs_LHP,vs_LHB,1,1,2,True
787170,2024-10-13,popup,field_out,138.51,211.65,Jesus Cruz,672911,Right,Ricardo Valenzuela,594020,Right,vs_RHP,vs_RHB,1,0,0,True
787170,2024-10-13,line_drive,single,186.21,132.84,Jesus Cruz,672911,Right,Brandon Villarreal,661311,Right,vs_RHP,vs_RHB,1,0,2,False
787170,2024-10-13,ground_ball,single,76.6,113.01,Nathanael Santiago,660995,Right,Julian Leon,624645,Right,vs_RHP,vs_RHB,3,2,0,False
787170,2024-10-13,popup,field_out,160.33,131.82,Nathanael Santiago,660995,Right,Clay Dungan,687867,Left,vs_RHP,vs_LHB,2,1,0,True
787170,2024-10-13,ground_ball,fielders_choice,152.72,167.42,Nathanael Santiago,660995,Right,Norberto Obeso,650995,Left,vs_RHP,vs_LHB,1,0,1,False
787170,2024-10-13,popup,field_out,163.38,130.3,Nathanael Santiago,660995,Right,Alejandro Mejia,606143,Right,vs_RHP,vs_RHB,0,1,2,True
787170,2024-10-13,popup,field_out,122.27,114.03,Jake Sanchez,644425,Right,Dustin Peterson,640460,Right,vs_RHP,vs_RHB,2,1,0,True
787170,2024-10-13,line_drive,single,82.69,123.18,Jake Sanchez,644425,Right,Yermín Mercedes,606213,Right,vs_RHP,vs_RHB,3,2,1,False
787170,2024-10-13,ground_ball,field_out,114.66,181.14,Jake Sanchez,644425,Right,Cesar Mendoza,673374,Right,vs_RHP,vs_RHB,0,2,1,True
787208,2024-10-11,popup,field_out,108.76,142.99,Robert Stock,476594,Right,Jonathan Araúz,660620,Left,vs_RHP,vs_LHB,1,0,1,True
787208,2024-10-11,ground_ball,field_out,142.92,154.91,Robert Stock,476594,Right,Roberto Valenzuela,672438,Right,vs_RHP,vs_RHB,3,2,2,True
787208,2024-10-11,fly_ball,field_out,130.21,100.09,Odrisamer Despaigne,628333,Right,Jose Cardona,606580,Right,vs_RHP,vs_RHB,1,1,0,True
787208,2024-10-11,ground_ball,field_out,134.97,148.55,Odrisamer Despaigne,628333,Right,Irving Lopez,676761,Left,vs_RHP,vs_LHB,3,2,1,True
787208,2024-10-11,line_drive,single,129.41,105.65,Odrisamer Despaigne,628333,Right,Willie Calhoun,641432,Left,vs_RHP,vs_LHB,3,2,2,False
787208,2024-10-11,ground_ball,field_out,107.96,159.67,Odrisamer Despaigne,628333,Right,Jordan Diaz,672478,Right,vs_RHP,vs_RHB,1,1,2,True
787208,2024-10-11,fly_ball,field_out,80.95,109.63,Robert Stock,476594,Right,Victor Mendoza,628013,Left,vs_RHP,vs_LHB,2,2,1,True
787208,2024-10-11,fly_ball,field_out,177.87,122.34,Robert Stock,476594,Right,Fernando Villegas,679589,Right,vs_RHP,vs_RHB,0,2,2,True
787208,2024-10-11,ground_ball,field_out,93.66,162.85,Odrisamer Despaigne,628333,Right,Agustin Murillo,473242,Right,vs_RHP,vs_RHB,1,1,0,True
787208,2024-10-11,fly_ball,double,196.14,99.3,Odrisamer Despaigne,628333,Right,Brandon Valenzuela,678218,Left,vs_RHP,vs_LHB,2,2,1,False
787208,2024-10-11,ground_ball,field_out,105.58,173.97,Odrisamer Despaigne,628333,Right,Jasson Atondo,662962,Right,vs_RHP,vs_RHB,1,1,1,True
787208,2024-10-11,ground_ball,field_out,107.17,154.11,Odrisamer Despaigne,628333,Right,Angel Camacho,803376,Right,vs_RHP,vs_RHB,2,2,2,True
787208,2024-10-11,ground_ball,single,103.99,154.11,Robert Stock,476594,Right,Santiago Chávez,622700,Right,vs_RHP,vs_RHB,0,2,0,False
787208,2024-10-11,ground_ball,force_out,111.93,154.91,Robert Stock,476594,Right,Kevin Villavicencio,692944,Right,vs_RHP,vs_RHB,2,1,0,True
787208,2024-10-11,ground_ball,field_out,100.02,170.0,Odrisamer Despaigne,628333,Right,Jose Cardona,606580,Right,vs_RHP,vs_RHB,1,1,0,True
787208,2024-10-11,line_drive,single,175.49,146.96,Odrisamer Despaigne,628333,Right,Willie Calhoun,641432,Left,vs_RHP,vs_LHB,1,0,2,False
787208,2024-10-11,popup,field_out,159.6,196.21,Odrisamer Despaigne,628333,Right,Jordan Diaz,672478,Right,vs_RHP,vs_RHB,2,2,2,True
787208,2024-10-11,ground_ball,field_out,113.52,148.55,Robert Stock,476594,Right,Roberto Valenzuela,672438,Right,vs_RHP,vs_RHB,2,2,0,True
787208,2024-10-11,fly_ball,field_out,186.61,122.34,Robert Stock,476594,Right,Anthony García,571685,Right,vs_RHP,vs_RHB,1,0,1,True
787208,2024-10-11,ground_ball,single,96.84,104.86,Robert Stock,476594,Right,Victor Mendoza,628013,Left,vs_RHP,vs_LHB,0,0,2,False
787208,2024-10-11,ground_ball,field_out,107.96,150.14,Odrisamer Despaigne,628333,Right,Agustin Murillo,473242,Right,vs_RHP,vs_RHB,1,1,0,True
787208,2024-10-11,ground_ball,field_out,99.22,167.62,Odrisamer Despaigne,628333,Right,Jasson Atondo,662962,Right,vs_RHP,vs_RHB,2,2,2,True
787208,2024-10-11,ground_ball,field_out,111.14,155.7,Robert Stock,476594,Right,Santiago Chávez,622700,Right,vs_RHP,vs_RHB,1,1,1,True
787208,2024-10-11,ground_ball,field_out,137.36,160.47,Robert Stock,476594,Right,Kevin Villavicencio,692944,Right,vs_RHP,vs_RHB,0,1,2,True
787208,2024-10-11,fly_ball,single,123.85,105.65,Odrisamer Despaigne,628333,Right,Angel Camacho,803376,Right,vs_RHP,vs_RHB,2,2,0,False
787208,2024-10-11,ground_ball,double,59.5,121.54,Odrisamer Despaigne,628333,Right,Jose Cardona,606580,Right,vs_RHP,vs_RHB,0,0,0,False
787208,2024-10-11,ground_ball,single,170.72,130.28,Odrisamer Despaigne,628333,Right,Irving Lopez,676761,Left,vs_RHP,vs_LHB,3,2,0,False
787208,2024-10-11,line_drive,single,105.58,118.36,Juan Robles,660850,Right,Nicholas Torres,657051,Right,vs_RHP,vs_RHB,0,1,0,False
787208,2024-10-11,ground_ball,grounded_into_double_play,112.73,152.52,Juan Robles,660850,Right,Willie Calhoun,641432,Left,vs_RHP,vs_LHB,1,0,0,True
787208,2024-10-11,line_drive,single,129.41,103.27,Juan Robles,660850,Right,Jordan Diaz,672478,Right,vs_RHP,vs_RHB,0,0,2,False
787208,2024-10-11,ground_ball,field_out,154.83,158.88,Robert Stock,476594,Right,Allen Córdoba,642707,Right,vs_RHP,vs_RHB,1,2,0,True
787208,2024-10-11,ground_ball,field_out,162.78,157.29,Robert Stock,476594,Right,Jonathan Araúz,660620,Left,vs_RHP,vs_LHB,1,0,1,True
787208,2024-10-11,fly_ball,field_out,177.87,104.86,Robert Stock,476594,Right,Roberto Valenzuela,672438,Right,vs_RHP,vs_RHB,0,1,2,True
787208,2024-10-11,line_drive,single,172.31,130.28,Daniel De La Fuente,675880,Right,Jasson Atondo,662962,Right,vs_RHP,vs_RHB,0,0,1,False
787208,2024-10-11,fly_ball,field_out,166.75,114.39,Daniel De La Fuente,675880,Right,Angel Camacho,803376,Right,vs_RHP,vs_RHB,2,1,2,True
787208,2024-10-11,ground_ball,single,119.08,108.04,Curtis Taylor,668954,Right,Anthony García,571685,Right,vs_RHP,vs_RHB,3,2,0,False
787208,2024-10-11,fly_ball,field_out,161.98,122.34,Curtis Taylor,668954,Right,Victor Mendoza,628013,Left,vs_RHP,vs_LHB,0,1,0,True
787208,2024-10-11,fly_ball,field_out,146.09,73.08,Curtis Taylor,668954,Right,Fernando Villegas,679589,Right,vs_RHP,vs_RHB,0,0,2,True
787208,2024-10-11,fly_ball,field_out,85.72,98.5,Daniel De La Fuente,675880,Right,Irving Lopez,676761,Left,vs_RHP,vs_LHB,0,1,1,True
787208,2024-10-11,popup,field_out,125.44,169.21,Daniel De La Fuente,675880,Right,Nicholas Torres,657051,Right,vs_RHP,vs_RHB,1,1,2,True
787208,2024-10-11,ground_ball,grounded_into_double_play,152.45,162.85,Curtis Taylor,668954,Right,Fernando Flores,603877,Left,vs_RHP,vs_LHB,2,1,0,True
787208,2024-10-11,popup,field_out,150.07,157.29,Curtis Taylor,668954,Right,Allen Córdoba,642707,Right,vs_RHP,vs_RHB,1,2,2,True
787208,2024-10-11,ground_ball,single,107.17,169.21,Ruben Salinas,693730,Left,Willie Calhoun,641432,Left,vs_LHP,vs_LHB,2,1,0,False
787208,2024-10-11,ground_ball,grounded_into_double_play,102.4,168.41,Ruben Salinas,693730,Left,Jordan Diaz,672478,Right,vs_LHP,vs_RHB,0,2,0,True
787208,2024-10-11,line_drive,double,48.38,116.78,Ruben Salinas,693730,Left,Agustin Murillo,473242,Right,vs_LHP,vs_RHB,1,0,2,False
787208,2024-10-11,ground_ball,single,84.13,115.98,Raul Barron,502515,Right,Roberto Valenzuela,672438,Right,vs_RHP,vs_RHB,1,1,0,False
787208,2024-10-11,ground_ball,field_error,151.65,174.77,Raul Barron,502515,Right,Victor Mendoza,628013,Left,vs_RHP,vs_LHB,2,2,1,False
787208,2024-10-11,ground_ball,single,149.27,175.56,Fernando Salas,477569,Right,Anthony Alford,546990,Right,vs_RHP,vs_RHB,1,2,1,False
787208,2024-10-11,popup,field_out,111.14,155.7,Fernando Salas,477569,Right,Edson Garcia,616404,Left,vs_RHP,vs_LHB,1,1,1,True
787208,2024-10-11,ground_ball,field_out,128.62,195.42,Fernando Salas,477569,Right,Fernando Flores,603877,Left,vs_RHP,vs_LHB,0,0,2,True
787020,2024-10-12,bunt_grounder,field_out,126.6,190.25,Carl Edwards Jr.,605218,Right,Jose Cardona,606580,Right,vs_RHP,vs_RHB,0,1,0,True
787020,2024-10-12,ground_ball,field_out,148.42,161.17,Carl Edwards Jr.,605218,Right,Irving Lopez,676761,Left,vs_RHP,vs_LHB,1,0,1,True
787020,2024-10-12,fly_ball,field_out,95.09,63.6,Alan Rangel,660604,Right,Allen Córdoba,642707,Right,vs_RHP,vs_RHB,0,1,0,True
787020,2024-10-12,popup,field_out,116.3,125.41,Alan Rangel,660604,Right,Jonathan Araúz,660620,Left,vs_RHP,vs_LHB,1,0,1,True
787020,2024-10-12,ground_ball,field_out,155.69,148.44,Alan Rangel,660604,Right,Roberto Valenzuela,672438,Right,vs_RHP,vs_RHB,0,2,2,True
787020,2024-10-12,popup,field_out,107.82,133.89,Carl Edwards Jr.,605218,Right,Willie Calhoun,641432,Left,vs_RHP,vs_LHB,2,0,0,True
787020,2024-10-12,line_drive,single,168.42,103.59,Carl Edwards Jr.,605218,Right,Jordan Diaz,672478,Right,vs_RHP,vs_RHB,0,1,1,False
787020,2024-10-12,fly_ball,field_out,125.39,78.14,Carl Edwards Jr.,605218,Right,Agustin Murillo,473242,Right,vs_RHP,vs_RHB,0,2,1,True
787020,2024-10-12,ground_ball,single,144.18,102.38,Carl Edwards Jr.,605218,Right,Sergio Burruel,571531,Left,vs_RHP,vs_LHB,0,0,2,False
787020,2024-10-12,line_drive,single,165.99,115.71,Carl Edwards Jr.,605218,Right,Jasson Atondo,662962,Right,vs_RHP,vs_RHB,2,1,2,False
787020,2024-10-12,ground_ball,single,126.0,97.53,Alan Rangel,660604,Right,Anthony García,571685,Right,vs_RHP,vs_RHB,1,2,0,False
787020,2024-10-12,ground_ball,fielders_choice,108.42,153.29,Alan Rangel,660604,Right,Victor Mendoza,628013,Left,vs_RHP,vs_LHB,0,2,0,False
787020,2024-10-12,line_drive,field_out,109.03,151.47,Alan Rangel,660604,Right,Anthony Alford,546990,Right,vs_RHP,vs_RHB,3,2,0,True
787020,2024-10-12,line_drive,single,170.84,112.08,Alan Rangel,660604,Right,Fernando Villegas,679589,Right,vs_RHP,vs_RHB,1,1,1,False
787020,2024-10-12,popup,field_out,122.97,186.01,Alan Rangel,660604,Right,Santiago Chávez,622700,Right,vs_RHP,vs_RHB,0,0,1,True
787020,2024-10-12,fly_ball,field_out,108.42,67.23,Alan Rangel,660604,Right,Kevin Villavicencio,692944,Right,vs_RHP,vs_RHB,1,0,2,True
787020,2024-10-12,ground_ball,field_out,105.39,162.98,Carl Edwards Jr.,605218,Right,Jose Cardona,606580,Right,vs_RHP,vs_RHB,1,2,0,True
787020,2024-10-12,ground_ball,field_out,144.78,177.53,Carl Edwards Jr.,605218,Right,Irving Lopez,676761,Left,vs_RHP,vs_LHB,3,2,1,True
787020,2024-10-12,popup,field_out,161.15,141.17,Carl Edwards Jr.,605218,Right,Nicholas Torres,657051,Right,vs_RHP,vs_RHB,2,2,2,True
787020,2024-10-12,line_drive,double,30.25,107.23,Alan Rangel,660604,Right,Roberto Valenzuela,672438,Right,vs_RHP,vs_RHB,3,2,1,False
787020,2024-10-12,fly_ball,double,223.57,115.71,Alan Rangel,660604,Right,Anthony García,571685,Right,vs_RHP,vs_RHB,0,1,1,False
787020,2024-10-12,popup,field_out,132.66,167.83,Alan Rangel,660604,Right,Victor Mendoza,628013,Left,vs_RHP,vs_LHB,0,0,1,True
787020,2024-10-12,popup,field_out,90.24,153.29,Carl Edwards Jr.,605218,Right,Agustin Murillo,473242,Right,vs_RHP,vs_RHB,2,1,1,True
787020,2024-10-12,line_drive,field_out,121.15,88.44,Carl Edwards Jr.,605218,Right,Jasson Atondo,662962,Right,vs_RHP,vs_RHB,1,1,2,True
787020,2024-10-12,fly_ball,double,204.78,80.56,Alan Rangel,660604,Right,Fernando Villegas,679589,Right,vs_RHP,vs_RHB,2,0,0,False
787020,2024-10-12,bunt_popup,field_out,116.91,209.04,Alan Rangel,660604,Right,Santiago Chávez,622700,Right,vs_RHP,vs_RHB,0,0,0,True
787020,2024-10-12,line_drive,field_out,118.12,99.35,Alan Rangel,660604,Right,Kevin Villavicencio,692944,Right,vs_RHP,vs_RHB,2,1,1,True
787020,2024-10-12,line_drive,single,129.63,94.5,Alan Rangel,660604,Right,Allen Córdoba,642707,Right,vs_RHP,vs_RHB,0,2,2,True
787020,2024-10-12,fly_ball,field_out,135.69,66.02,Saul Vazquez,678410,Left,Irving Lopez,676761,Left,vs_LHP,vs_LHB,1,1,1,True
787020,2024-10-12,fly_ball,field_out,170.84,95.11,Juan Robles,660850,Right,Nicholas Torres,657051,Right,vs_RHP,vs_RHB,1,1,2,True
787020,2024-10-12,line_drive,single,73.88,104.81,Enrique Castillo,811370,Right,Roberto Valenzuela,672438,Right,vs_RHP,vs_RHB,2,2,0,False
787020,2024-10-12,fly_ball,field_out,69.03,79.35,Enrique Castillo,811370,Right,Anthony García,571685,Right,vs_RHP,vs_RHB,2,2,0,True
787020,2024-10-12,fly_ball,field_out,127.21,72.08,Jorge Rodriguez,681659,Left,Victor Mendoza,628013,Left,vs_LHP,vs_LHB,2,2,1,True
787020,2024-10-12,ground_ball,field_out,99.33,166.62,Saul Arias,806517,Right,Anthony Alford,546990,Right,vs_RHP,vs_RHB,0,0,2,True
787020,2024-10-12,ground_ball,field_out,104.18,169.04,Edwin Fierro,616623,Right,Jordan Diaz,672478,Right,vs_RHP,vs_RHB,0,0,1,True
787020,2024-10-12,popup,field_out,154.48,127.83,Edwin Fierro,616623,Right,Agustin Murillo,473242,Right,vs_RHP,vs_RHB,1,0,2,True
787020,2024-10-12,fly_ball,field_out,185.39,89.05,Saul Arias,806517,Right,Fernando Villegas,679589,Right,vs_RHP,vs_RHB,0,1,0,True
787020,2024-10-12,ground_ball,single,106.6,165.41,Saul Arias,806517,Right,Santiago Chávez,622700,Right,vs_RHP,vs_RHB,1,0,1,False
787020,2024-10-12,line_drive,field_out,118.12,80.56,Saul Arias,806517,Right,Kevin Villavicencio,692944,Right,vs_RHP,vs_RHB,2,2,1,True
787020,2024-10-12,ground_ball,field_out,147.81,155.11,Felipe Gonzalez,542413,Right,Sergio Burruel,571531,Left,vs_RHP,vs_LHB,1,0,0,True
787020,2024-10-12,ground_ball,field_out,108.42,172.07,Felipe Gonzalez,542413,Right,Francisco Lugo,546366,Right,vs_RHP,vs_RHB,0,0,2,True
787020,2024-10-12,popup,field_out,96.3,139.95,Ricky Karcher,676689,Right,Roberto Valenzuela,672438,Right,vs_RHP,vs_RHB,1,2,0,True
787020,2024-10-12,ground_ball,single,127.21,102.99,Ricky Karcher,676689,Right,Anthony García,571685,Right,vs_RHP,vs_RHB,0,1,1,False
787020,2024-10-12,fly_ball,field_out,154.48,84.2,Samuel Zazueta,650980,Left,Willie Calhoun,641432,Left,vs_LHP,vs_LHB,2,2,2,True
787020,2024-10-12,ground_ball,field_out,149.63,155.11,A.J. Puckett,643494,Right,Fernando Villegas,679589,Right,vs_RHP,vs_RHB,1,1,0,True
787020,2024-10-12,ground_ball,double,33.88,106.02,A.J. Puckett,643494,Right,Santiago Chávez,622700,Right,vs_RHP,vs_RHB,0,2,1,False
787020,2024-10-12,ground_ball,field_out,113.88,157.53,A.J. Puckett,643494,Right,Kevin Villavicencio,692944,Right,vs_RHP,vs_RHB,3,1,1,True
787020,2024-10-12,ground_ball,field_out,111.45,181.16,A.J. Puckett,643494,Right,Allen Córdoba,642707,Right,vs_RHP,vs_RHB,1,2,2,True
787020,2024-10-12,fly_ball,double,132.66,46.02,Zach Willeman,657116,Right,Agustin Murillo,473242,Right,vs_RHP,vs_RHB,0,2,1,False
787020,2024-10-12,ground_ball,force_out,148.42,164.2,Zach Willeman,657116,Right,Reivaj Garcia,678706,Left,vs_RHP,vs_LHB,1,2,1,True
787020,2024-10-12,ground_ball,field_out,105.39,167.23,Zach Willeman,657116,Right,Dylan Jasso,815734,Right,vs_RHP,vs_RHB,2,1,2,True
787277,2024-10-12,ground_ball,single,110.6,82.65,Luis Ivan Rodriguez,645179,Right,Randy Romero,678499,Right,vs_RHP,vs_RHB,0,2,0,False
787277,2024-10-12,fly_ball,single,70.01,113.16,Luis Ivan Rodriguez,645179,Right,Ramiro Pena,455369,Left,vs_RHP,vs_LHB,0,1,1,False
787277,2024-10-12,ground_ball,grounded_into_double_play,99.95,162.99,Luis Ivan Rodriguez,645179,Right,Isaias Tejeda,593471,Right,vs_RHP,vs_RHB,0,0,1,True
787277,2024-10-12,fly_ball,single,92.84,104.51,Javier Solano,542279,Right,Billy Hamilton,571740,Left,vs_RHP,vs_LHB,0,1,0,False
787277,2024-10-12,ground_ball,single,102.99,159.43,Javier Solano,542279,Right,Jack Mayfield,608686,Right,vs_RHP,vs_RHB,1,2,0,False
787277,2024-10-12,fly_ball,single,128.36,95.87,Javier Solano,542279,Right,Julian Ornelas,676140,Left,vs_RHP,vs_LHB,2,2,0,False
787277,2024-10-12,line_drive,double_play,87.77,96.38,Javier Solano,542279,Right,Japhet Amador,515189,Right,vs_RHP,vs_RHB,2,1,0,True
787277,2024-10-12,fly_ball,field_out,106.04,63.32,Javier Solano,542279,Right,Christian Villanueva,570799,Right,vs_RHP,vs_RHB,0,0,2,True
787277,2024-10-12,ground_ball,single,178.6,101.97,Luis Ivan Rodriguez,645179,Right,Carlos Castro,622603,Right,vs_RHP,vs_RHB,1,0,0,False
787277,2024-10-12,ground_ball,field_out,125.83,200.1,Luis Ivan Rodriguez,645179,Right,Alex Liddi,499926,Right,vs_RHP,vs_RHB,2,2,0,True
787277,2024-10-12,ground_ball,field_out,115.68,179.26,Javier Solano,542279,Right,Michael Wielansky,681933,Right,vs_RHP,vs_RHB,1,1,1,True
787277,2024-10-12,fly_ball,field_out,99.95,139.09,Javier Solano,542279,Right,Sebastian Valle,516679,Right,vs_RHP,vs_RHB,1,2,2,True
787277,2024-10-12,popup,field_out,92.84,124.34,Luis Ivan Rodriguez,645179,Right,Ramiro Pena,455369,Left,vs_RHP,vs_LHB,1,1,1,True
787277,2024-10-12,ground_ball,field_out,110.1,178.24,Luis Ivan Rodriguez,645179,Right,Dilson Herrera,599096,Right,vs_RHP,vs_RHB,3,1,2,True
787277,2024-10-12,ground_ball,field_out,110.1,174.68,Javier Solano,542279,Right,Daniel Castro,593495,Right,vs_RHP,vs_RHB,2,1,0,True
787277,2024-10-12,fly_ball,field_out,185.2,111.63,Javier Solano,542279,Right,Jack Mayfield,608686,Right,vs_RHP,vs_RHB,3,2,1,True
787277,2024-10-12,popup,field_out,157.29,149.77,Javier Solano,542279,Right,Julian Ornelas,676140,Left,vs_RHP,vs_LHB,0,0,2,True
787277,2024-10-12,ground_ball,single,114.16,78.58,Luis Ivan Rodriguez,645179,Right,Isaias Tejeda,593471,Right,vs_RHP,vs_RHB,0,2,0,False
787277,2024-10-12,ground_ball,grounded_into_double_play,125.32,198.07,Luis Ivan Rodriguez,645179,Right,Carlos Castro,622603,Right,vs_RHP,vs_RHB,1,2,0,True
787277,2024-10-12,ground_ball,field_out,112.63,149.26,Javier Solano,542279,Right,Japhet Amador,515189,Right,vs_RHP,vs_RHB,3,2,0,True
787277,2024-10-12,popup,field_out,93.86,154.85,Javier Solano,542279,Right,Reynaldo Rodriguez,471906,Right,vs_RHP,vs_RHB,1,1,2,True
787277,2024-10-12,ground_ball,field_error,105.02,152.31,Luis Ivan Rodriguez,645179,Right,Jose Gaitan,668165,Right,vs_RHP,vs_RHB,0,1,0,False
787277,2024-10-12,ground_ball,force_out,121.77,184.34,Luis Ivan Rodriguez,645179,Right,Randy Romero,678499,Right,vs_RHP,vs_RHB,0,1,0,True
787277,2024-10-12,ground_ball,grounded_into_double_play,102.99,164.51,Luis Ivan Rodriguez,645179,Right,Fabricio Macias,671246,Right,vs_RHP,vs_RHB,0,1,1,True
787277,2024-10-12,popup,field_out,143.59,196.04,Javier Solano,542279,Right,Michael Wielansky,681933,Right,vs_RHP,vs_RHB,0,2,0,True
787277,2024-10-12,popup,field_out,136.48,173.16,Javier Solano,542279,Right,Daniel Castro,593495,Right,vs_RHP,vs_RHB,2,2,2,True
787277,2024-10-12,ground_ball,single,81.17,105.53,Aldo Ramirez,680048,Right,Ramiro Pena,455369,Left,vs_RHP,vs_LHB,1,1,0,False
787277,2024-10-12,ground_ball,grounded_into_double_play,106.54,157.39,Alberto Leyva,668155,Right,Carlos Castro,622603,Right,vs_RHP,vs_RHB,0,1,0,True
787277,2024-10-12,ground_ball,single,73.56,108.07,Alberto Leyva,668155,Right,Alex Liddi,499926,Right,vs_RHP,vs_RHB,0,0,2,False
787277,2024-10-12,ground_ball,double,213.11,101.46,Alberto Leyva,668155,Right,Jose Gaitan,668165,Right,vs_RHP,vs_RHB,0,0,2,False
787277,2024-10-12,ground_ball,single,113.65,183.32,Alberto Leyva,668155,Right,Brayan Quintero,678540,Right,vs_RHP,vs_RHB,1,0,2,False
787277,2024-10-12,ground_ball,single,115.17,91.29,Alberto Leyva,668155,Right,Randy Romero,678499,Right,vs_RHP,vs_RHB,0,1,2,False
787277,2024-10-12,ground_ball,field_out,158.81,168.07,Edgar Manzo,686317,Right,Ramiro Pena,455369,Left,vs_RHP,vs_LHB,0,1,2,True
787277,2024-10-12,fly_ball,field_out,119.23,51.12,Javier Solano,542279,Right,Jack Mayfield,608686,Right,vs_RHP,vs_RHB,1,1,0,True
787277,2024-10-12,ground_ball,field_out,144.1,153.83,Javier Solano,542279,Right,Julian Ornelas,676140,Left,vs_RHP,vs_LHB,3,2,1,True
787277,2024-10-12,ground_ball,field_out,148.16,152.31,Edgar Manzo,686317,Right,Dilson Herrera,599096,Right,vs_RHP,vs_RHB,0,1,0,True
787277,2024-10-12,fly_ball,field_out,86.24,119.26,Edgar Manzo,686317,Right,Isaias Tejeda,593471,Right,vs_RHP,vs_RHB,3,1,1,True
787277,2024-10-12,ground_ball,single,120.24,181.8,Edgar Manzo,686317,Right,Carlos Castro,622603,Right,vs_RHP,vs_RHB,1,2,2,False
787277,2024-10-12,ground_ball,single,111.62,86.21,Edgar Manzo,686317,Right,Alex Liddi,499926,Right,vs_RHP,vs_RHB,1,1,2,False
787277,2024-10-12,ground_ball,single,194.84,110.61,Edgar Manzo,686317,Right,Brayan Quintero,678540,Right,vs_RHP,vs_RHB,0,1,2,False
787277,2024-10-12,fly_ball,field_out,182.66,111.12,Cristian Alvarado,800079,Right,Randy Romero,678499,Right,vs_RHP,vs_RHB,2,2,2,True
787277,2024-10-12,line_drive,home_run,47.68,76.04,Daniel Cruz,690909,Right,Reynaldo Rodriguez,471906,Right,vs_RHP,vs_RHB,2,0,0,False
787277,2024-10-12,ground_ball,field_error,105.53,167.56,Daniel Cruz,690909,Right,Michael Wielansky,681933,Right,vs_RHP,vs_RHB,1,2,0,False
787277,2024-10-12,fly_ball,home_run,29.41,76.04,Daniel Cruz,690909,Right,Sebastian Valle,516679,Right,vs_RHP,vs_RHB,2,2,0,False
787277,2024-10-12,ground_ball,field_out,153.23,159.43,Erick Casillas,667918,Right,Billy Hamilton,571740,Left,vs_RHP,vs_LHB,1,0,1,True
787277,2024-10-12,fly_ball,field_out,187.74,100.95,Erick Casillas,667918,Right,Jack Mayfield,608686,Right,vs_RHP,vs_RHB,1,2,2,True
787277,2024-10-12,ground_ball,field_out,141.05,148.75,Cristian Alvarado,800079,Right,Fabricio Macias,671246,Right,vs_RHP,vs_RHB,1,1,0,True
787277,2024-10-12,popup,field_out,84.72,143.66,Cristian Alvarado,800079,Right,Ramiro Pena,455369,Left,vs_RHP,vs_LHB,0,1,1,True
787277,2024-10-12,bunt_grounder,single,115.68,188.41,J.P. Woodward,694756,Left,Julian Ornelas,676140,Left,vs_LHP,vs_LHB,0,0,0,False
787277,2024-10-12,fly_ball,field_out,144.6,75.02,J.P. Woodward,694756,Left,Japhet Amador,515189,Right,vs_LHP,vs_RHB,2,1,0,True
787277,2024-10-12,ground_ball,force_out,108.07,165.53,J.P. Woodward,694756,Left,Reynaldo Rodriguez,471906,Right,vs_LHP,vs_RHB,1,1,1,True
787277,2024-10-12,popup,field_out,151.2,193.49,J.P. Woodward,694756,Left,Michael Wielansky,681933,Right,vs_LHP,vs_RHB,0,0,2,True
787277,2024-10-12,ground_ball,field_out,105.53,155.36,Trevor Clifton,641461,Right,Isaias Tejeda,593471,Right,vs_RHP,vs_RHB,1,1,0,True
787277,2024-10-12,fly_ball,double,193.83,69.94,Trevor Clifton,641461,Right,Carlos Castro,622603,Right,vs_RHP,vs_RHB,1,2,1,False
787277,2024-10-12,fly_ball,sac_fly,138.01,38.41,Trevor Clifton,641461,Right,Alex Liddi,499926,Right,vs_RHP,vs_RHB,0,1,1,True
787277,2024-10-12,fly_ball,single,199.92,124.34,Trevor Clifton,641461,Right,Jose Gaitan,668165,Right,vs_RHP,vs_RHB,3,2,2,False
787277,2024-10-12,fly_ball,field_out,148.16,75.02,Trevor Clifton,641461,Right,Brayan Quintero,678540,Right,vs_RHP,vs_RHB,2,1,2,True
787277,2024-10-12,line_drive,field_out,142.07,147.73,Alex Speas,666208,Right,Billy Hamilton,571740,Left,vs_RHP,vs_LHB,0,0,2,True
787244,2024-10-12,bunt_grounder,single,120.4,188.67,Carlos Tavera,679857,Right,Isaac Rodriguez,665455,Right,vs_RHP,vs_RHB,0,1,1,False
787244,2024-10-12,ground_ball,field_out,146.75,163.34,Carlos Tavera,679857,Right,Eric Filia,596107,Left,vs_RHP,vs_LHB,2,2,1,True
787244,2024-10-12,ground_ball,single,156.88,160.8,Ronald Bolaños,671790,Right,Julian Escobedo,686659,Left,vs_RHP,vs_LHB,0,0,1,False
787244,2024-10-12,ground_ball,force_out,107.73,165.87,Ronald Bolaños,671790,Right,Brantley Bell,664009,Right,vs_RHP,vs_RHB,0,0,1,True
787244,2024-10-12,popup,field_out,140.67,130.4,Ronald Bolaños,671790,Right,Luis Juarez,550492,Right,vs_RHP,vs_RHB,0,0,2,True
787244,2024-10-12,ground_ball,field_out,148.78,156.75,Carlos Tavera,679857,Right,Rodolfo Amador,616613,Left,vs_RHP,vs_LHB,2,2,1,True
787244,2024-10-12,popup,field_out,180.19,179.05,Ronald Bolaños,671790,Right,Juan Uriarte,660842,Right,vs_RHP,vs_RHB,1,2,0,True
787244,2024-10-12,ground_ball,grounded_into_double_play,113.3,153.71,Ronald Bolaños,671790,Right,Missael Rivera,668992,Left,vs_RHP,vs_LHB,2,1,1,True
787244,2024-10-12,line_drive,field_out,155.87,165.87,Carlos Tavera,679857,Right,Roel Santos,661270,Left,vs_RHP,vs_LHB,0,2,0,True
787244,2024-10-12,ground_ball,grounded_into_double_play,116.34,151.18,Carlos Tavera,679857,Right,Isaac Rodriguez,665455,Right,vs_RHP,vs_RHB,0,1,1,True
787244,2024-10-12,ground_ball,field_out,128.51,180.57,Ronald Bolaños,671790,Right,Miguel Guzman,634739,Right,vs_RHP,vs_RHB,1,1,0,True
787244,2024-10-12,fly_ball,field_out,185.26,88.85,Ronald Bolaños,671790,Right,Julian Escobedo,686659,Left,vs_RHP,vs_LHB,2,1,2,True
787244,2024-10-12,ground_ball,field_error,113.3,166.88,Carlos Tavera,679857,Right,Eric Filia,596107,Left,vs_RHP,vs_LHB,0,1,0,False
787244,2024-10-12,fly_ball,field_out,112.29,44.25,Carlos Tavera,679857,Right,Yasmany Tomás,630111,Right,vs_RHP,vs_RHB,1,2,0,True
787244,2024-10-12,fly_ball,sac_fly,148.78,51.35,Carlos Tavera,679857,Right,Felix Stevens,685474,Right,vs_RHP,vs_RHB,1,1,1,True
787244,2024-10-12,fly_ball,single,117.87,116.21,Carlos Tavera,679857,Right,Rodolfo Amador,616613,Left,vs_RHP,vs_LHB,0,0,2,False
787244,2024-10-12,fly_ball,field_out,141.68,52.87,Carlos Tavera,679857,Right,Alan Espinoza,587275,Right,vs_RHP,vs_RHB,1,0,2,True
787244,2024-10-12,popup,field_out,141.68,172.46,Ronald Bolaños,671790,Right,Juan Uriarte,660842,Right,vs_RHP,vs_RHB,0,1,2,True
787244,2024-10-12,fly_ball,field_out,121.41,81.25,Jorge Sauceda,703006,Right,Marco Jaime,668616,Left,vs_RHP,vs_LHB,0,2,0,True
787244,2024-10-12,fly_ball,field_out,166.0,56.92,Jorge Sauceda,703006,Right,Roel Santos,661270,Left,vs_RHP,vs_LHB,1,2,1,True
787244,2024-10-12,ground_ball,single,122.43,95.43,Jorge Sauceda,703006,Right,Isaac Rodriguez,665455,Right,vs_RHP,vs_RHB,2,2,2,False
787244,2024-10-12,ground_ball,field_out,128.0,182.59,Jorge Sauceda,703006,Right,Eric Filia,596107,Left,vs_RHP,vs_LHB,1,2,2,True
787244,2024-10-12,fly_ball,field_out,104.18,103.54,Ronald Bolaños,671790,Right,Missael Rivera,668992,Left,vs_RHP,vs_LHB,0,1,0,True
787244,2024-10-12,popup,field_out,172.09,181.58,Ronald Bolaños,671790,Right,Miguel Guzman,634739,Right,vs_RHP,vs_RHB,0,0,1,True
787244,2024-10-12,ground_ball,field_out,116.34,152.7,Esteban Haro,477462,Right,Felix Stevens,685474,Right,vs_RHP,vs_RHB,2,2,1,True
787244,2024-10-12,fly_ball,field_out,79.35,117.22,Esteban Haro,477462,Right,Rodolfo Amador,616613,Left,vs_RHP,vs_LHB,0,1,2,True
787244,2024-10-12,ground_ball,single,175.63,123.81,Luis Gastelum,703725,Right,Julian Escobedo,686659,Left,vs_RHP,vs_LHB,3,2,0,True
787244,2024-10-12,ground_ball,field_out,157.9,166.88,Luis Gastelum,703725,Right,Brantley Bell,664009,Right,vs_RHP,vs_RHB,2,1,1,True
787244,2024-10-12,bunt_grounder,sac_bunt,143.2,188.17,Esteban Bloch,691823,Right,Alan Espinoza,587275,Right,vs_RHP,vs_RHB,0,0,0,True
787244,2024-10-12,fly_ball,field_out,125.47,109.12,Esteban Bloch,691823,Right,Marco Jaime,668616,Left,vs_RHP,vs_LHB,1,0,1,True
787244,2024-10-12,fly_ball,field_out,82.39,95.94,Carlos Bustamante,619854,Right,Yasmany Tomás,630111,Right,vs_RHP,vs_RHB,0,1,2,True
787244,2024-10-12,bunt_grounder,sac_bunt,140.67,189.69,Fabian Cota,601978,Left,Juan Uriarte,660842,Right,vs_LHP,vs_RHB,0,1,0,True
787244,2024-10-12,fly_ball,field_out,140.16,111.14,Carlos Bustamante,619854,Right,Felix Stevens,685474,Right,vs_RHP,vs_RHB,0,0,0,True
787244,2024-10-12,popup,field_out,119.89,204.38,Carlos Bustamante,619854,Right,Rodolfo Amador,616613,Left,vs_RHP,vs_LHB,0,0,1,True
787244,2024-10-12,ground_ball,field_out,105.2,152.19,Carlos Bustamante,619854,Right,Alan Espinoza,587275,Right,vs_RHP,vs_RHB,1,2,2,True
787244,2024-10-12,line_drive,single,169.05,125.33,DJ Johnson,597113,Right,Agustin Ruiz,672361,Left,vs_RHP,vs_LHB,1,0,0,False
787244,2024-10-12,bunt_grounder,sac_bunt,136.61,188.67,DJ Johnson,597113,Right,Matt McDermott,694942,Right,vs_RHP,vs_RHB,2,1,0,True
787244,2024-10-12,line_drive,single,116.34,111.14,DJ Johnson,597113,Right,Brantley Bell,664009,Right,vs_RHP,vs_RHB,2,1,1,False
787244,2024-10-12,line_drive,single,172.09,142.56,DJ Johnson,597113,Right,Luis Juarez,550492,Right,vs_RHP,vs_RHB,1,0,1,False
787244,2024-10-12,line_drive,double_play,142.69,158.78,Tomas Solis,477584,Left,Mike Hart,678966,Left,vs_LHP,vs_LHB,0,0,1,True
787244,2024-10-12,ground_ball,field_out,109.76,154.72,Charlie Hasty,820829,Right,Marco Jaime,668616,Left,vs_RHP,vs_LHB,0,2,0,True
787244,2024-10-12,ground_ball,single,126.48,111.14,Charlie Hasty,820829,Right,Roel Santos,661270,Left,vs_RHP,vs_LHB,1,2,1,False
787244,2024-10-12,line_drive,single,82.39,125.84,Charlie Hasty,820829,Right,Isaac Rodriguez,665455,Right,vs_RHP,vs_RHB,3,1,1,False
787244,2024-10-12,line_drive,double,184.25,133.44,Charlie Hasty,820829,Right,Eric Filia,596107,Left,vs_RHP,vs_LHB,2,2,1,False
787244,2024-10-12,ground_ball,force_out,114.32,182.09,Charlie Hasty,820829,Right,Felix Stevens,685474,Right,vs_RHP,vs_RHB,0,1,1,True
787244,2024-10-12,ground_ball,single,122.93,106.08,Charlie Hasty,820829,Right,Rodolfo Amador,616613,Left,vs_RHP,vs_LHB,3,1,2,False
787244,2024-10-12,ground_ball,field_error,104.69,166.38,Edwyn Valle,683030,Right,Alan Espinoza,587275,Right,vs_RHP,vs_RHB,0,0,2,False
787244,2024-10-12,fly_ball,field_out,140.67,72.13,Nick Struck,572177,Right,Miguel Guzman,634739,Right,vs_RHP,vs_RHB,0,0,2,True
787376,2024-10-11,popup,field_out,101.15,143.59,David Reyes,547862,Right,Brandon Villarreal,661311,Right,vs_RHP,vs_RHB,0,1,0,True
787376,2024-10-11,fly_ball,field_out,64.18,92.69,David Reyes,547862,Right,Dustin Peterson,640460,Right,vs_RHP,vs_RHB,3,2,2,True
787376,2024-10-11,fly_ball,field_out,82.36,102.99,Noah Bremer,676084,Right,Clay Dungan,687867,Left,vs_RHP,vs_LHB,2,1,0,True
787376,2024-10-11,ground_ball,field_out,117.51,155.71,Noah Bremer,676084,Right,Wynton Bernard,592144,Right,vs_RHP,vs_RHB,2,2,2,True
787376,2024-10-11,ground_ball,grounded_into_double_play,150.84,155.11,Noah Bremer,676084,Right,Conner Capel,668843,Left,vs_RHP,vs_LHB,0,2,0,True
787376,2024-10-11,line_drive,double,178.72,74.5,David Reyes,547862,Right,Emmanuel Avila,500869,Left,vs_RHP,vs_LHB,1,0,0,False
787376,2024-10-11,fly_ball,field_out,114.48,86.63,David Reyes,547862,Right,Ricardo Valenzuela,594020,Right,vs_RHP,vs_RHB,1,1,0,True
787376,2024-10-11,line_drive,field_out,96.3,96.32,David Reyes,547862,Right,Jose Manuel Orozco,554031,Left,vs_RHP,vs_LHB,2,2,1,True
787376,2024-10-11,line_drive,single,170.84,149.65,Noah Bremer,676084,Right,Alex D. Mejia,622270,Right,vs_RHP,vs_RHB,1,2,0,False
787376,2024-10-11,popup,field_out,110.24,176.92,Noah Bremer,676084,Right,Javier Salazar,665745,Left,vs_RHP,vs_LHB,1,2,0,True
787376,2024-10-11,line_drive,single,106.6,118.14,Noah Bremer,676084,Right,Clay Dungan,687867,Left,vs_RHP,vs_LHB,1,2,2,False
787376,2024-10-11,ground_ball,field_out,153.87,156.92,Noah Bremer,676084,Right,Norberto Obeso,650995,Left,vs_RHP,vs_LHB,2,2,2,True
787376,2024-10-11,ground_ball,field_out,152.66,157.53,Noah Bremer,676084,Right,Conner Capel,668843,Left,vs_RHP,vs_LHB,0,0,2,True
787376,2024-10-11,ground_ball,single,112.67,165.41,David Reyes,547862,Right,Carter Aldrete,666177,Right,vs_RHP,vs_RHB,1,1,0,False
787376,2024-10-11,bunt_grounder,sac_bunt,129.03,196.92,David Reyes,547862,Right,Emmanuel Avila,500869,Left,vs_RHP,vs_LHB,0,1,0,True
787376,2024-10-11,ground_ball,fielders_choice,119.33,170.86,David Reyes,547862,Right,Ricardo Valenzuela,594020,Right,vs_RHP,vs_RHB,0,1,1,False
787376,2024-10-11,ground_ball,single,86.0,149.05,David Reyes,547862,Right,Brandon Villarreal,661311,Right,vs_RHP,vs_RHB,2,1,2,False
787376,2024-10-11,fly_ball,field_out,185.39,109.65,Jose Isidro Marquez,667904,Right,Dustin Peterson,640460,Right,vs_RHP,vs_RHB,3,2,2,True
787376,2024-10-11,line_drive,single,108.42,92.69,Noah Bremer,676084,Right,Moises Gutierrez,605011,Left,vs_RHP,vs_LHB,2,2,0,False
787376,2024-10-11,ground_ball,grounded_into_double_play,151.45,149.65,Noah Bremer,676084,Right,Alex D. Mejia,622270,Right,vs_RHP,vs_RHB,1,2,0,True
787376,2024-10-11,ground_ball,field_out,144.78,154.5,Noah Bremer,676084,Right,Javier Salazar,665745,Left,vs_RHP,vs_LHB,2,2,2,True
787376,2024-10-11,ground_ball,field_out,138.12,163.59,Jose Isidro Marquez,667904,Right,Yermín Mercedes,606213,Right,vs_RHP,vs_RHB,0,0,0,True
787376,2024-10-11,ground_ball,field_out,105.39,161.17,Jose Isidro Marquez,667904,Right,Cesar Mendoza,673374,Right,vs_RHP,vs_RHB,0,1,1,True
787376,2024-10-11,line_drive,single,166.6,137.53,Noah Bremer,676084,Right,Julian Leon,624645,Right,vs_RHP,vs_RHB,1,1,0,False
787376,2024-10-11,bunt_grounder,sac_bunt,136.3,195.1,Ivan Salas,532893,Left,Norberto Obeso,650995,Left,vs_LHP,vs_LHB,1,1,0,True
787376,2024-10-11,ground_ball,field_out,92.06,169.65,Norman Elenes,553868,Right,Alejandro Mejia,606143,Right,vs_RHP,vs_RHB,1,2,2,True
787376,2024-10-11,bunt_grounder,sac_bunt,134.48,196.31,Clayton Andrews,677076,Left,Ricardo Valenzuela,594020,Right,vs_LHP,vs_RHB,2,0,0,True
787376,2024-10-11,ground_ball,field_out,107.82,166.62,Clayton Andrews,677076,Left,Joel Flores,811361,Right,vs_LHP,vs_RHB,0,1,1,True
787376,2024-10-11,ground_ball,single,126.0,139.95,Eli Villalobos,681871,Right,Brandon Villarreal,661311,Right,vs_RHP,vs_RHB,1,0,2,True
787376,2024-10-11,ground_ball,field_out,138.12,157.53,Mario Perez,682961,Right,Conner Capel,668843,Left,vs_RHP,vs_LHB,2,2,0,True
787376,2024-10-11,fly_ball,field_out,116.3,98.14,Mario Perez,682961,Right,Alex D. Mejia,622270,Right,vs_RHP,vs_RHB,2,0,1,True
787376,2024-10-11,ground_ball,field_out,110.24,153.29,Mario Perez,682961,Right,Javier Salazar,665745,Left,vs_RHP,vs_LHB,1,0,2,True
787376,2024-10-11,line_drive,single,189.02,86.02,Trevor Kuncl,805321,Right,Cesar Mendoza,673374,Right,vs_RHP,vs_RHB,1,2,1,False
787376,2024-10-11,line_drive,home_run,29.64,89.05,Trevor Kuncl,805321,Right,Carter Aldrete,666177,Right,vs_RHP,vs_RHB,2,2,1,False
787376,2024-10-11,ground_ball,single,170.84,141.17,Pedro Santillan,699063,Right,Emmanuel Avila,500869,Left,vs_RHP,vs_LHB,1,2,1,False
787376,2024-10-11,ground_ball,grounded_into_double_play,107.82,171.47,Pedro Santillan,699063,Right,Ricardo Valenzuela,594020,Right,vs_RHP,vs_RHB,1,1,1,True
787376,2024-10-11,ground_ball,field_out,157.51,167.83,Matt Turner,676666,Left,Wynton Bernard,592144,Right,vs_LHP,vs_RHB,0,0,1,True
787376,2024-10-11,popup,field_out,163.57,158.14,Matt Turner,676666,Left,Alejandro Mejia,606143,Right,vs_LHP,vs_RHB,1,0,2,True
787376,2024-10-11,fly_ball,field_error,96.3,119.35,Mario Jimenez,671760,Right,Joel Flores,811361,Right,vs_RHP,vs_RHB,2,2,0,False
787376,2024-10-11,ground_ball,force_out,107.82,170.26,Mario Jimenez,671760,Right,Brandon Villarreal,661311,Right,vs_RHP,vs_RHB,0,0,0,True
787376,2024-10-11,line_drive,field_out,99.33,161.77,Mario Jimenez,671760,Right,Dustin Peterson,640460,Right,vs_RHP,vs_RHB,1,2,2,True
787376,2024-10-11,ground_ball,field_out,158.72,167.23,Austin Hansen,667712,Right,Conner Capel,668843,Left,vs_RHP,vs_LHB,2,1,0,True
787376,2024-10-11,ground_ball,single,144.18,170.26,Austin Hansen,667712,Right,Moises Gutierrez,605011,Left,vs_RHP,vs_LHB,0,0,1,False
787376,2024-10-11,popup,field_out,169.03,177.53,Austin Hansen,667712,Right,Javier Salazar,665745,Left,vs_RHP,vs_LHB,2,2,2,True
787312,2024-10-13,line_drive,double,190.61,115.34,Luis Miranda,642532,Right,Matt McDermott,694942,Right,vs_RHP,vs_RHB,2,0,0,False
787312,2024-10-13,popup,field_out,132.51,182.51,Luis Miranda,642532,Right,Julian Escobedo,686659,Left,vs_RHP,vs_LHB,1,0,0,True
787312,2024-10-13,ground_ball,field_out,153.69,144.99,Luis Miranda,642532,Right,Brantley Bell,664009,Right,vs_RHP,vs_RHB,1,2,1,True
787312,2024-10-13,fly_ball,field_out,125.86,91.74,Luis Miranda,642532,Right,Luis Juarez,550492,Right,vs_RHP,vs_RHB,0,1,2,True
787312,2024-10-13,fly_ball,double,58.69,151.04,Caleb Smith,592761,Left,Roel Santos,661270,Left,vs_LHP,vs_LHB,0,1,0,False
787312,2024-10-13,line_drive,field_out,130.09,95.97,Caleb Smith,592761,Left,Isaac Rodriguez,665455,Right,vs_LHP,vs_RHB,2,1,0,True
787312,2024-10-13,popup,field_out,117.99,170.4,Caleb Smith,592761,Left,Yasmany Tomás,630111,Right,vs_LHP,vs_RHB,0,0,1,True
787312,2024-10-13,fly_ball,double,68.37,73.58,Luis Miranda,642532,Right,Juan Uriarte,660842,Right,vs_RHP,vs_RHB,0,0,1,False
787312,2024-10-13,line_drive,single,132.51,91.13,Luis Miranda,642532,Right,Missael Rivera,668992,Left,vs_RHP,vs_LHB,2,2,1,False
787312,2024-10-13,ground_ball,single,176.08,121.99,Luis Miranda,642532,Right,Miguel Guzman,634739,Right,vs_RHP,vs_RHB,0,1,1,False
787312,2024-10-13,fly_ball,field_out,133.73,89.92,Luis Miranda,642532,Right,Agustin Ruiz,672361,Left,vs_RHP,vs_LHB,1,2,1,True
787312,2024-10-13,ground_ball,double,62.32,129.25,Luis Miranda,642532,Right,Matt McDermott,694942,Right,vs_RHP,vs_RHB,0,1,2,False
787312,2024-10-13,popup,field_out,157.33,135.31,Luis Miranda,642532,Right,Julian Escobedo,686659,Left,vs_RHP,vs_LHB,0,0,2,True
787312,2024-10-13,ground_ball,field_out,113.15,161.93,Caleb Smith,592761,Left,Rodolfo Amador,616613,Left,vs_LHP,vs_LHB,0,2,0,True
787312,2024-10-13,fly_ball,field_out,173.66,118.36,Caleb Smith,592761,Left,Justin Dean,681909,Right,vs_LHP,vs_RHB,3,2,1,True
787312,2024-10-13,ground_ball,field_out,113.15,175.85,Caleb Smith,592761,Left,Alan Espinoza,587275,Right,vs_LHP,vs_RHB,2,2,2,True
787312,2024-10-13,ground_ball,field_out,153.09,169.8,Luis Miranda,642532,Right,Brantley Bell,664009,Right,vs_RHP,vs_RHB,1,2,0,True
787312,2024-10-13,ground_ball,field_error,147.64,167.98,Luis Miranda,642532,Right,Luis Juarez,550492,Right,vs_RHP,vs_RHB,1,0,1,False
787312,2024-10-13,fly_ball,field_out,173.66,106.87,Luis Miranda,642532,Right,Mike Hart,678966,Left,vs_RHP,vs_LHB,1,2,1,True
787312,2024-10-13,ground_ball,field_out,158.54,148.62,Luis Miranda,642532,Right,Juan Uriarte,660842,Right,vs_RHP,vs_RHB,0,2,2,True
787312,2024-10-13,ground_ball,single,142.8,98.39,Caleb Smith,592761,Left,Marco Jaime,668616,Right,vs_LHP,vs_RHB,0,1,0,False
787312,2024-10-13,ground_ball,single,175.48,115.94,Caleb Smith,592761,Left,Roel Santos,661270,Left,vs_LHP,vs_LHB,0,2,0,False
787312,2024-10-13,ground_ball,field_out,108.31,167.98,Caleb Smith,592761,Left,Isaac Rodriguez,665455,Right,vs_LHP,vs_RHB,1,0,0,True
787312,2024-10-13,ground_ball,field_out,153.69,142.57,Luis Miranda,642532,Right,Missael Rivera,668992,Left,vs_RHP,vs_LHB,2,2,0,True
787312,2024-10-13,ground_ball,field_out,124.65,197.03,Luis Miranda,642532,Right,Miguel Guzman,634739,Right,vs_RHP,vs_RHB,0,2,1,True
787312,2024-10-13,fly_ball,double,43.56,107.47,Caleb Smith,592761,Left,Rodolfo Amador,616613,Left,vs_LHP,vs_LHB,0,0,0,False
787312,2024-10-13,ground_ball,field_out,116.18,167.98,Caleb Smith,592761,Left,Justin Dean,681909,Right,vs_LHP,vs_RHB,1,0,0,True
787312,2024-10-13,ground_ball,single,85.32,112.92,Caleb Smith,592761,Left,Alan Espinoza,587275,Right,vs_LHP,vs_RHB,1,2,1,False
787312,2024-10-13,ground_ball,grounded_into_double_play,121.62,152.85,Caleb Smith,592761,Left,Marco Jaime,668616,Right,vs_LHP,vs_RHB,0,0,1,True
787312,2024-10-13,ground_ball,single,187.58,125.62,Luis Miranda,642532,Right,Matt McDermott,694942,Right,vs_RHP,vs_RHB,2,2,0,False
787312,2024-10-13,line_drive,field_out,108.92,153.46,Luis Miranda,642532,Right,Brantley Bell,664009,Right,vs_RHP,vs_RHB,0,0,2,True
787312,2024-10-13,bunt_grounder,field_out,128.88,187.35,Caleb Smith,592761,Left,Roel Santos,661270,Left,vs_LHP,vs_LHB,2,1,0,True
787312,2024-10-13,fly_ball,field_out,125.25,81.45,Luis Miranda,642532,Right,Luis Juarez,550492,Right,vs_RHP,vs_RHB,0,0,0,True
787312,2024-10-13,fly_ball,field_out,178.5,102.63,Luis Miranda,642532,Right,Mike Hart,678966,Left,vs_RHP,vs_LHB,0,0,1,True
787312,2024-10-13,fly_ball,field_out,171.85,107.47,Luis Miranda,642532,Right,Missael Rivera,668992,Left,vs_RHP,vs_LHB,0,0,2,True
787312,2024-10-13,popup,field_out,142.2,137.73,Esteban Haro,477462,Right,Felix Stevens,685474,Right,vs_RHP,vs_RHB,0,1,0,True
787312,2024-10-13,ground_ball,field_out,159.14,148.62,Esteban Haro,477462,Right,Rodolfo Amador,616613,Left,vs_RHP,vs_LHB,3,2,1,True
787312,2024-10-13,line_drive,single,126.46,109.89,Adrian Hernandez,681753,Right,Miguel Guzman,634739,Right,vs_RHP,vs_RHB,1,2,0,False
787312,2024-10-13,bunt_grounder,sac_bunt,127.67,190.98,Adrian Hernandez,681753,Right,Agustin Ruiz,672361,Left,vs_RHP,vs_LHB,1,1,0,True
787312,2024-10-13,ground_ball,field_out,110.73,158.91,Adrian Hernandez,681753,Right,Matt McDermott,694942,Right,vs_RHP,vs_RHB,0,0,1,True
787312,2024-10-13,ground_ball,field_out,160.35,140.15,Tomas Solis,477584,Left,Julian Escobedo,686659,Left,vs_LHP,vs_LHB,2,1,2,True
787312,2024-10-13,line_drive,single,82.29,115.34,Esteban Bloch,691823,Right,Isaac Rodriguez,665455,Right,vs_RHP,vs_RHB,3,1,2,False
787312,2024-10-13,line_drive,single,132.51,103.23,Jonathan Partida,674476,Left,Eric Filia,596107,Left,vs_LHP,vs_LHB,3,2,2,False
787312,2024-10-13,fly_ball,home_run,171.24,27.59,Edwyn Valle,683030,Right,Yasmany Tomás,630111,Right,vs_RHP,vs_RHB,2,1,2,False
787312,2024-10-13,ground_ball,field_out,101.05,172.22,Edwyn Valle,683030,Right,Felix Stevens,685474,Right,vs_RHP,vs_RHB,0,2,2,True
787312,2024-10-13,fly_ball,field_out,134.94,78.42,Irving Machuca,685829,Right,Luis Juarez,550492,Right,vs_RHP,vs_RHB,0,0,1,True
787312,2024-10-13,line_drive,double,52.64,117.15,Irving Machuca,685829,Right,Juan Uriarte,660842,Right,vs_RHP,vs_RHB,1,1,2,False
787312,2024-10-13,ground_ball,field_out,108.31,169.19,Francisco Haro,662964,Right,Justin Dean,681909,Right,vs_RHP,vs_RHB,0,0,1,True
787312,2024-10-13,ground_ball,single,133.12,92.34,Nick Struck,572177,Right,Sergio Perez,547375,Left,vs_RHP,vs_LHB,0,1,0,False
787312,2024-10-13,ground_ball,field_error,158.54,161.93,Nick Struck,572177,Right,Agustin Ruiz,672361,Left,vs_RHP,vs_LHB,3,2,0,False
787312,2024-10-13,line_drive,single,165.19,110.5,Nick Struck,572177,Right,Matt McDermott,694942,Right,vs_RHP,vs_RHB,1,1,0,False
787312,2024-10-13,line_drive,double,173.66,80.84,Nick Struck,572177,Right,Julian Escobedo,686659,Left,vs_RHP,vs_LHB,1,0,0,False
787312,2024-10-13,fly_ball,double,69.58,118.36,Miguel Vazquez,703722,Right,Brantley Bell,664009,Right,vs_RHP,vs_RHB,2,1,0,False
787312,2024-10-13,ground_ball,field_out,157.93,145.59,Miguel Vazquez,703722,Right,Luis Juarez,550492,Right,vs_RHP,vs_RHB,0,1,0,True
787312,2024-10-13,ground_ball,field_out,150.06,151.04,Fabian Cota,601978,Left,Missael Rivera,668992,Left,vs_LHP,vs_LHB,1,1,2,True
787312,2024-10-13,ground_ball,field_out,146.43,170.4,Francisco Haro,662964,Right,Marco Jaime,668616,Left,vs_RHP,vs_LHB,2,0,0,True
787312,2024-10-13,fly_ball,home_run,221.47,50.59,Francisco Haro,662964,Right,Roel Santos,661270,Left,vs_RHP,vs_LHB,1,1,1,False
787057,2024-10-13,ground_ball,single,130.24,99.35,Nolan Kingham,663884,Right,Jack Mayfield,608686,Right,vs_RHP,vs_RHB,1,1,0,False
787057,2024-10-13,popup,field_out,149.03,138.74,Nolan Kingham,663884,Right,Japhet Amador,515189,Right,vs_RHP,vs_RHB,0,0,1,True
787057,2024-10-13,fly_ball,field_out,110.24,106.62,Nolan Kingham,663884,Right,Christian Villanueva,570799,Right,vs_RHP,vs_RHB,2,2,2,True
787057,2024-10-13,ground_ball,field_out,105.39,170.26,Dereck Rodríguez,605446,Right,Randy Romero,678499,Right,vs_RHP,vs_RHB,2,1,0,True
787057,2024-10-13,fly_ball,field_out,132.06,87.23,Dereck Rodríguez,605446,Right,Ramiro Pena,455369,Left,vs_RHP,vs_LHB,0,0,1,True
787057,2024-10-13,ground_ball,field_out,107.21,166.01,Dereck Rodríguez,605446,Right,Dilson Herrera,599096,Right,vs_RHP,vs_RHB,0,2,2,True
787057,2024-10-13,ground_ball,single,89.03,164.8,Nolan Kingham,663884,Right,Reynaldo Rodriguez,471906,Right,vs_RHP,vs_RHB,2,1,0,False
787057,2024-10-13,ground_ball,single,86.0,114.5,Nolan Kingham,663884,Right,Michael Wielansky,681933,Right,vs_RHP,vs_RHB,2,0,0,False
787057,2024-10-13,ground_ball,single,178.72,127.83,Nolan Kingham,663884,Right,Daniel Castro,593495,Right,vs_RHP,vs_RHB,1,1,1,False
787057,2024-10-13,ground_ball,fielders_choice_out,145.39,173.29,Nolan Kingham,663884,Right,Billy Hamilton,571740,Left,vs_RHP,vs_LHB,0,0,1,True
787057,2024-10-13,ground_ball,field_out,130.24,142.38,Nolan Kingham,663884,Right,Jack Mayfield,608686,Right,vs_RHP,vs_RHB,0,1,2,True
787057,2024-10-13,line_drive,field_out,171.45,109.05,Dereck Rodríguez,605446,Right,Carlos Castro,622603,Right,vs_RHP,vs_RHB,0,0,0,True
787057,2024-10-13,fly_ball,double,83.58,112.68,Dereck Rodríguez,605446,Right,Alex Liddi,499926,Right,vs_RHP,vs_RHB,1,2,1,False
787057,2024-10-13,line_drive,field_out,112.06,53.9,Dereck Rodríguez,605446,Right,Isaias Tejeda,593471,Right,vs_RHP,vs_RHB,0,1,1,True
787057,2024-10-13,ground_ball,field_out,96.91,160.56,Dereck Rodríguez,605446,Right,Jose Gaitan,668165,Right,vs_RHP,vs_RHB,2,0,2,True
787057,2024-10-13,popup,field_out,161.75,148.44,Nolan Kingham,663884,Right,Julian Ornelas,676140,Left,vs_RHP,vs_LHB,0,1,0,True
787057,2024-10-13,ground_ball,field_out,108.42,162.98,Nolan Kingham,663884,Right,Japhet Amador,515189,Right,vs_RHP,vs_RHB,2,0,1,True
787057,2024-10-13,fly_ball,double,113.88,34.51,Nolan Kingham,663884,Right,Christian Villanueva,570799,Right,vs_RHP,vs_RHB,0,0,2,False
787057,2024-10-13,ground_ball,field_out,107.82,146.62,Nolan Kingham,663884,Right,Reynaldo Rodriguez,471906,Right,vs_RHP,vs_RHB,2,2,2,True
787057,2024-10-13,line_drive,double,100.54,56.32,Dereck Rodríguez,605446,Right,Brayan Quintero,678540,Right,vs_RHP,vs_RHB,0,1,1,False
787057,2024-10-13,ground_ball,field_out,107.21,157.53,Dereck Rodríguez,605446,Right,Randy Romero,678499,Right,vs_RHP,vs_RHB,1,2,1,True
787057,2024-10-13,ground_ball,field_out,117.51,147.23,Nolan Kingham,663884,Right,Michael Wielansky,681933,Right,vs_RHP,vs_RHB,1,1,0,True
787057,2024-10-13,line_drive,double,36.31,107.23,Dereck Rodríguez,605446,Right,Dilson Herrera,599096,Right,vs_RHP,vs_RHB,0,1,0,False
787057,2024-10-13,fly_ball,double,122.97,37.54,Dereck Rodríguez,605446,Right,Carlos Castro,622603,Right,vs_RHP,vs_RHB,2,0,0,False
787057,2024-10-13,bunt_grounder,sac_bunt,123.57,187.22,Dereck Rodríguez,605446,Right,Alex Liddi,499926,Right,vs_RHP,vs_RHB,0,0,0,False
787057,2024-10-13,popup,field_out,147.81,167.83,Dereck Rodríguez,605446,Right,Isaias Tejeda,593471,Right,vs_RHP,vs_RHB,0,1,0,True
787057,2024-10-13,line_drive,single,199.33,118.74,Dereck Rodríguez,605446,Right,Jose Gaitan,668165,Right,vs_RHP,vs_RHB,1,0,1,False
787057,2024-10-13,fly_ball,field_out,182.96,108.44,Dereck Rodríguez,605446,Right,Brayan Quintero,678540,Right,vs_RHP,vs_RHB,0,0,2,True
787057,2024-10-13,fly_ball,field_out,181.15,114.5,Dereck Rodríguez,605446,Right,Randy Romero,678499,Right,vs_RHP,vs_RHB,3,2,0,True
787057,2024-10-13,fly_ball,field_out,164.78,85.41,Dereck Rodríguez,605446,Right,Ramiro Pena,455369,Left,vs_RHP,vs_LHB,1,0,1,True
787057,2024-10-13,line_drive,field_out,153.27,92.69,Dereck Rodríguez,605446,Right,Dilson Herrera,599096,Right,vs_RHP,vs_RHB,1,0,2,True
787057,2024-10-13,ground_ball,field_out,106.6,150.86,Victor Morales,802559,Right,Japhet Amador,515189,Right,vs_RHP,vs_RHB,3,2,0,True
787057,2024-10-13,ground_ball,field_out,107.21,175.1,Victor Morales,802559,Right,Christian Villanueva,570799,Right,vs_RHP,vs_RHB,0,1,1,True
787057,2024-10-13,popup,field_out,146.6,205.41,Victor Morales,802559,Right,Reynaldo Rodriguez,471906,Right,vs_RHP,vs_RHB,0,1,2,True
787057,2024-10-13,ground_ball,field_out,126.6,190.86,Erick Casillas,667918,Right,Sebastian Valle,516679,Right,vs_RHP,vs_RHB,1,1,1,True
787057,2024-10-13,ground_ball,field_out,150.84,171.47,Erick Casillas,667918,Right,Daniel Castro,593495,Right,vs_RHP,vs_RHB,2,2,2,True
787057,2024-10-13,popup,field_out,172.66,157.53,J.P. Woodward,694756,Left,Billy Hamilton,571740,Right,vs_LHP,vs_RHB,3,2,0,True
787057,2024-10-13,fly_ball,single,176.9,127.23,J.P. Woodward,694756,Left,Julian Ornelas,676140,Left,vs_LHP,vs_LHB,0,1,2,False
787057,2024-10-13,popup,field_out,145.39,124.2,Daniel Cruz,690909,Right,Reynaldo Rodriguez,471906,Right,vs_RHP,vs_RHB,2,2,2,True
787057,2024-10-13,ground_ball,field_out,110.24,151.47,Isaac Jimenez,645799,Right,Randy Romero,678499,Right,vs_RHP,vs_RHB,1,1,0,True
787057,2024-10-13,fly_ball,field_error,93.27,95.11,Isaac Jimenez,645799,Right,Ramiro Pena,455369,Left,vs_RHP,vs_LHB,0,1,1,False
787057,2024-10-13,ground_ball,single,101.15,171.47,Isaac Jimenez,645799,Right,Dilson Herrera,599096,Right,vs_RHP,vs_RHB,1,0,1,False
787057,2024-10-13,ground_ball,single,128.42,178.13,Isaac Jimenez,645799,Right,Carlos Castro,622603,Right,vs_RHP,vs_RHB,0,0,1,False
787057,2024-10-13,fly_ball,sac_fly_double_play,156.9,64.2,Isaac Jimenez,645799,Right,Alex Liddi,499926,Right,vs_RHP,vs_RHB,1,0,1,True
787057,2024-10-13,fly_ball,field_out,104.79,96.32,Alex Speas,666208,Right,Sebastian Valle,516679,Right,vs_RHP,vs_RHB,1,0,0,True
787057,2024-10-13,popup,field_out,151.45,155.11,Alex Speas,666208,Right,Alfredo Hurtado,685771,Left,vs_RHP,vs_LHB,1,0,1,True
787057,2024-10-13,ground_ball,field_out,140.54,162.98,Alex Speas,666208,Right,Billy Hamilton,571740,Left,vs_RHP,vs_LHB,1,2,2,True
787345,2024-10-13,fly_ball,double,40.5,111.09,Grant Gavin,667050,Right,Rudy Martin,657675,Left,vs_RHP,vs_LHB,0,0,0,False
787345,2024-10-13,ground_ball,field_out,142.46,153.01,Grant Gavin,667050,Right,Andrés Alvarez,687019,Right,vs_RHP,vs_RHB,2,1,0,True
787345,2024-10-13,fly_ball,home_run,74.66,48.58,Grant Gavin,667050,Right,Cristian Santana,655996,Right,vs_RHP,vs_RHB,1,0,1,False
787345,2024-10-13,fly_ball,field_out,175.03,103.83,Grant Gavin,667050,Right,Efren Navarro,519068,Left,vs_RHP,vs_LHB,1,1,1,True
787345,2024-10-13,line_drive,field_out,131.43,144.9,Grant Gavin,667050,Right,Ramon Rios,540204,Right,vs_RHP,vs_RHB,0,1,2,True
787345,2024-10-13,line_drive,field_out,97.47,129.18,Victor Castaneda,674810,Right,Drew Avans,682183,Left,vs_RHP,vs_LHB,1,0,0,True
787345,2024-10-13,ground_ball,field_out,132.95,186.46,Victor Castaneda,674810,Right,Roberto Ramos,657733,Left,vs_RHP,vs_LHB,0,1,1,True
787345,2024-10-13,fly_ball,field_out,109.13,75.95,Grant Gavin,667050,Right,Diosbel Arias,677690,Right,vs_RHP,vs_RHB,2,0,0,True
787345,2024-10-13,ground_ball,single,130.93,101.81,Grant Gavin,667050,Right,Ali Solis,455378,Right,vs_RHP,vs_RHB,1,2,1,False
787345,2024-10-13,ground_ball,field_out,107.1,164.67,Grant Gavin,667050,Right,Jesus Fabela,652999,Right,vs_RHP,vs_RHB,1,0,1,True
787345,2024-10-13,line_drive,double,107.61,54.15,Grant Gavin,667050,Right,Rudy Martin,657675,Left,vs_RHP,vs_LHB,2,1,2,False
787345,2024-10-13,ground_ball,field_out,108.62,155.54,Grant Gavin,667050,Right,Andrés Alvarez,687019,Right,vs_RHP,vs_RHB,0,2,2,True
787345,2024-10-13,ground_ball,field_out,146.14,154.02,Victor Castaneda,674810,Right,Victor Labrada,700032,Left,vs_RHP,vs_LHB,1,1,0,True
787345,2024-10-13,popup,field_out,156.27,165.17,Victor Castaneda,674810,Right,Jose Heberto Felix,510548,Right,vs_RHP,vs_RHB,2,1,1,True
787345,2024-10-13,fly_ball,field_out,175.03,111.94,Victor Castaneda,674810,Right,Jorge Flores,592312,Right,vs_RHP,vs_RHB,2,2,2,True
787345,2024-10-13,ground_ball,single,79.73,116.0,Grant Gavin,667050,Right,Cristian Santana,655996,Right,vs_RHP,vs_RHB,3,2,1,False
787345,2024-10-13,ground_ball,single,102.03,151.99,Grant Gavin,667050,Right,Ramon Rios,540204,Right,vs_RHP,vs_RHB,1,2,2,False
787345,2024-10-13,ground_ball,field_out,130.42,181.4,Jesus Huerta,675546,Right,Diosbel Arias,677690,Right,vs_RHP,vs_RHB,2,1,2,True
787345,2024-10-13,ground_ball,field_out,130.42,142.36,Victor Castaneda,674810,Right,Roberto Ramos,657733,Left,vs_RHP,vs_LHB,1,2,2,True
787345,2024-10-13,fly_ball,sac_fly,70.09,123.6,Jesus Huerta,675546,Right,Rudy Martin,657675,Left,vs_RHP,vs_LHB,3,2,1,True
787345,2024-10-13,line_drive,single,77.7,117.52,Jesus Huerta,675546,Right,Andrés Alvarez,687019,Right,vs_RHP,vs_RHB,0,0,2,False
787345,2024-10-13,ground_ball,force_out,107.1,151.49,Jesus Huerta,675546,Right,Cristian Santana,655996,Right,vs_RHP,vs_RHB,0,1,2,True
787345,2024-10-13,fly_ball,field_out,91.39,104.34,Victor Castaneda,674810,Right,Yadir Drake,660436,Right,vs_RHP,vs_RHB,1,1,0,True
787345,2024-10-13,fly_ball,field_out,195.31,75.95,Victor Castaneda,674810,Right,Jesse Castillo,477399,Left,vs_RHP,vs_LHB,2,2,1,True
787345,2024-10-13,ground_ball,field_out,162.86,164.16,Ivan Izaguirre,703721,Right,Efren Navarro,519068,Left,vs_RHP,vs_LHB,3,1,0,True
787345,2024-10-13,fly_ball,field_out,79.73,83.56,Ivan Izaguirre,703721,Right,Ramon Rios,540204,Right,vs_RHP,vs_RHB,0,0,1,True
787345,2024-10-13,line_drive,double,65.53,115.49,Ivan Izaguirre,703721,Right,Diosbel Arias,677690,Right,vs_RHP,vs_RHB,0,1,2,False
787345,2024-10-13,ground_ball,field_out,98.48,170.24,Ivan Izaguirre,703721,Right,Ali Solis,455378,Right,vs_RHP,vs_RHB,1,2,2,True
787345,2024-10-13,fly_ball,field_out,93.92,104.34,Victor Castaneda,674810,Right,Victor Labrada,700032,Left,vs_RHP,vs_LHB,0,1,0,True
787345,2024-10-13,fly_ball,field_out,153.23,109.41,Victor Castaneda,674810,Right,Jose Heberto Felix,510548,Right,vs_RHP,vs_RHB,1,2,1,True
787345,2024-10-13,line_drive,field_out,136.5,150.98,Victor Castaneda,674810,Right,Jorge Flores,592312,Right,vs_RHP,vs_RHB,0,2,2,True
787345,2024-10-13,ground_ball,double,61.98,129.69,Ivan Izaguirre,703721,Right,Jesus Fabela,652999,Right,vs_RHP,vs_RHB,2,2,0,False
787345,2024-10-13,line_drive,single,86.32,112.96,Jesus Broca,695871,Left,Rudy Martin,657675,Left,vs_LHP,vs_LHB,2,1,0,False
787345,2024-10-13,ground_ball,grounded_into_double_play,105.58,151.99,Jesus Broca,695871,Left,Andrés Alvarez,687019,Right,vs_LHP,vs_RHB,1,2,0,True
787345,2024-10-13,line_drive,single,149.18,87.1,Victor Castaneda,674810,Right,Justin Wylie,687045,Right,vs_RHP,vs_RHB,1,1,1,False
787345,2024-10-13,ground_ball,force_out,105.07,149.46,Victor Castaneda,674810,Right,Yadir Drake,660436,Right,vs_RHP,vs_RHB,0,0,2,True
787345,2024-10-13,fly_ball,field_out,181.62,90.15,Victor Buelna,684118,Right,Efren Navarro,519068,Left,vs_RHP,vs_LHB,2,2,0,True
787345,2024-10-13,ground_ball,field_out,114.2,151.49,Victor Buelna,684118,Right,Ramon Rios,540204,Right,vs_RHP,vs_RHB,1,2,1,True
787345,2024-10-13,ground_ball,grounded_into_double_play,103.05,163.65,Ruben Reyes,666017,Left,Keven Lamas,685694,Right,vs_LHP,vs_RHB,0,0,0,True
787345,2024-10-13,ground_ball,field_out,148.16,148.95,Rafael Cordova,622742,Right,Ali Solis,455378,Right,vs_RHP,vs_RHB,0,0,0,True
787345,2024-10-13,popup,field_out,95.44,128.17,Rafael Cordova,622742,Right,Rudy Martin,657675,Left,vs_RHP,vs_LHB,1,2,2,True
787345,2024-10-13,ground_ball,field_out,132.95,184.44,Efrain Contreras,678713,Right,Angel Erro,652669,Right,vs_RHP,vs_RHB,1,1,0,True
787345,2024-10-13,line_drive,single,124.84,87.1,Efrain Contreras,678713,Right,Jorge Flores,592312,Right,vs_RHP,vs_RHB,0,0,1,False
787345,2024-10-13,line_drive,double,59.45,114.99,Efrain Contreras,678713,Right,Drew Avans,682183,Left,vs_RHP,vs_LHB,0,0,1,False
787345,2024-10-13,ground_ball,field_out,98.48,165.68,Efrain Contreras,678713,Right,Justin Wylie,687045,Right,vs_RHP,vs_RHB,2,2,1,True
787345,2024-10-13,popup,field_out,171.99,185.45,Dan Kubiuk,703655,Right,Jose Cervantes,829259,Right,vs_RHP,vs_RHB,1,2,1,True
787345,2024-10-13,ground_ball,single,123.83,100.79,Dan Kubiuk,703655,Right,Cristian Santana,655996,Right,vs_RHP,vs_RHB,0,2,2,False
787345,2024-10-13,fly_ball,field_out,144.61,59.22,Dan Kubiuk,703655,Right,Efren Navarro,519068,Left,vs_RHP,vs_LHB,3,2,2,True
787345,2024-10-13,line_drive,single,114.7,88.12,Roel Ramírez,641995,Right,Yadir Drake,660436,Right,vs_RHP,vs_RHB,1,2,0,False
787345,2024-10-13,line_drive,single,180.1,114.99,Roel Ramírez,641995,Right,Jesse Castillo,477399,Left,vs_RHP,vs_LHB,2,2,0,False
787345,2024-10-13,ground_ball,force_out,104.57,161.62,Roel Ramírez,641995,Right,Keven Lamas,685694,Right,vs_RHP,vs_RHB,1,1,0,True
787345,2024-10-13,ground_ball,single,147.15,148.95,Roel Ramírez,641995,Right,Victor Labrada,700032,Left,vs_RHP,vs_LHB,2,1,1,False
787345,2024-10-13,line_drive,single,169.96,105.86,David Gutierrez,664823,Right,Randy Delgado,807581,Left,vs_RHP,vs_LHB,3,2,1,False
787093,2024-10-12,ground_ball,force_out,113.15,166.77,Manny Barreda,518435,Right,Justin Wylie,687045,Right,vs_RHP,vs_RHB,0,0,0,True
787093,2024-10-12,ground_ball,field_out,148.25,166.17,Jorge Perez,656839,Right,Esteban Quiroz,606019,Left,vs_RHP,vs_LHB,0,0,2,True
787093,2024-10-12,ground_ball,field_out,161.56,147.41,Manny Barreda,518435,Right,Jesse Castillo,477399,Left,vs_RHP,vs_LHB,2,2,0,True
787093,2024-10-12,popup,field_out,136.15,131.68,Manny Barreda,518435,Right,Keven Lamas,685694,Right,vs_RHP,vs_RHB,2,1,1,True
787093,2024-10-12,ground_ball,single,121.02,85.69,Manny Barreda,518435,Right,Victor Labrada,700032,Left,vs_RHP,vs_LHB,2,2,2,False
787093,2024-10-12,ground_ball,field_out,133.73,154.67,Manny Barreda,518435,Right,Alexis Wilson,656029,Right,vs_RHP,vs_RHB,2,1,2,True
787093,2024-10-12,ground_ball,field_out,147.64,174.64,Jorge Perez,656839,Right,Cristian Santana,655996,Right,vs_RHP,vs_RHB,0,0,0,True
787093,2024-10-12,fly_ball,single,88.95,122.6,Jorge Perez,656839,Right,Efren Navarro,519068,Left,vs_RHP,vs_LHB,2,2,1,False
787093,2024-10-12,fly_ball,field_out,91.37,102.02,Jorge Perez,656839,Right,Ramon Rios,540204,Right,vs_RHP,vs_RHB,1,1,1,True
787093,2024-10-12,popup,field_out,159.14,187.35,Jorge Perez,656839,Right,Diosbel Arias,677690,Right,vs_RHP,vs_RHB,0,1,2,True
787093,2024-10-12,line_drive,force_out,172.45,113.52,Manny Barreda,518435,Right,Drew Avans,682183,Left,vs_RHP,vs_LHB,0,1,0,True
787093,2024-10-12,popup,field_out,163.98,184.93,Jorge Perez,656839,Right,Ali Solis,455378,Right,vs_RHP,vs_RHB,1,2,0,True
787093,2024-10-12,ground_ball,field_out,136.75,159.51,Jorge Perez,656839,Right,Jesus Fabela,652999,Right,vs_RHP,vs_RHB,0,2,1,True
787093,2024-10-12,fly_ball,field_out,118.6,90.53,Jorge Perez,656839,Right,Rudy Martin,657675,Left,vs_RHP,vs_LHB,1,0,2,True
787093,2024-10-12,fly_ball,double,148.25,49.38,Manny Barreda,518435,Right,Yadir Drake,660436,Right,vs_RHP,vs_RHB,1,0,0,False
787093,2024-10-12,fly_ball,field_out,129.49,84.48,Manny Barreda,518435,Right,Victor Labrada,700032,Left,vs_RHP,vs_LHB,2,1,1,True
787093,2024-10-12,fly_ball,field_out,193.63,111.1,Manny Barreda,518435,Right,Alexis Wilson,656029,Right,vs_RHP,vs_RHB,1,1,2,True
787093,2024-10-12,ground_ball,double,76.84,126.83,Jorge Perez,656839,Right,Andrés Alvarez,687019,Right,vs_RHP,vs_RHB,1,1,0,False
787093,2024-10-12,fly_ball,field_out,129.49,72.98,Jorge Perez,656839,Right,Esteban Quiroz,606019,Left,vs_RHP,vs_LHB,2,1,0,True
787093,2024-10-12,fly_ball,sac_fly,141.59,71.77,Jorge Perez,656839,Right,Cristian Santana,655996,Right,vs_RHP,vs_RHB,2,2,1,True
787093,2024-10-12,fly_ball,field_out,191.82,99.0,Jorge Perez,656839,Right,Efren Navarro,519068,Left,vs_RHP,vs_LHB,0,1,2,True
787093,2024-10-12,fly_ball,field_out,76.84,94.16,Manny Barreda,518435,Right,Jorge Flores,592312,Right,vs_RHP,vs_RHB,0,2,0,True
787093,2024-10-12,ground_ball,field_out,131.3,186.74,Manny Barreda,518435,Right,Drew Avans,682183,Left,vs_RHP,vs_LHB,0,2,1,True
787093,2024-10-12,line_drive,field_out,110.13,156.49,Manny Barreda,518435,Right,Justin Wylie,687045,Right,vs_RHP,vs_RHB,1,2,2,True
787093,2024-10-12,fly_ball,field_out,131.91,80.24,Jorge Perez,656839,Right,Ramon Rios,540204,Right,vs_RHP,vs_RHB,0,1,0,True
787093,2024-10-12,fly_ball,double,127.07,42.12,Jorge Perez,656839,Right,Diosbel Arias,677690,Right,vs_RHP,vs_RHB,0,0,1,False
787093,2024-10-12,fly_ball,field_out,128.28,80.84,Jorge Perez,656839,Right,Ali Solis,455378,Right,vs_RHP,vs_RHB,1,0,1,True
787093,2024-10-12,ground_ball,field_error,110.13,172.22,Jorge Perez,656839,Right,Jesus Fabela,652999,Right,vs_RHP,vs_RHB,3,2,2,False
787093,2024-10-12,line_drive,field_out,110.13,155.88,Jorge Perez,656839,Right,Rudy Martin,657675,Left,vs_RHP,vs_LHB,0,0,2,True
787093,2024-10-12,ground_ball,field_out,145.22,174.03,Manny Barreda,518435,Right,Roberto Ramos,657733,Left,vs_RHP,vs_LHB,1,2,0,True
787093,2024-10-12,fly_ball,double,173.06,67.53,Manny Barreda,518435,Right,Jesse Castillo,477399,Left,vs_RHP,vs_LHB,0,0,1,False
787093,2024-10-12,fly_ball,field_out,125.25,82.06,David Gutierrez,664823,Right,Victor Labrada,700032,Left,vs_RHP,vs_LHB,3,2,2,True
787093,2024-10-12,ground_ball,field_out,108.31,173.43,Jorge Perez,656839,Right,Andrés Alvarez,687019,Right,vs_RHP,vs_RHB,1,2,0,True
787093,2024-10-12,ground_ball,single,82.89,106.87,Jorge Perez,656839,Right,Esteban Quiroz,606019,Left,vs_RHP,vs_LHB,1,1,1,False
787093,2024-10-12,fly_ball,field_out,132.51,78.42,Jorge Perez,656839,Right,Cristian Santana,655996,Right,vs_RHP,vs_RHB,0,1,1,True
787093,2024-10-12,line_drive,double,185.77,125.62,Jorge Perez,656839,Right,Efren Navarro,519068,Left,vs_RHP,vs_LHB,0,0,2,False
787093,2024-10-12,ground_ball,field_out,108.31,171.01,Jorge Perez,656839,Right,Ramon Rios,540204,Right,vs_RHP,vs_RHB,0,1,2,True
787093,2024-10-12,ground_ball,field_out,151.27,157.09,Sasagi Sanchez,653252,Right,Francisco Hernandez,674504,Left,vs_RHP,vs_LHB,0,0,0,True
787093,2024-10-12,line_drive,single,118.6,91.74,Sasagi Sanchez,653252,Right,Jorge Flores,592312,Right,vs_RHP,vs_RHB,0,1,1,False
787093,2024-10-12,popup,field_out,108.31,174.03,Sasagi Sanchez,653252,Right,Drew Avans,682183,Left,vs_RHP,vs_LHB,0,2,1,True
787093,2024-10-12,fly_ball,field_out,68.37,109.29,Sasagi Sanchez,653252,Right,Justin Wylie,687045,Right,vs_RHP,vs_RHB,1,1,2,True
787093,2024-10-12,ground_ball,single,104.07,148.62,Carlos Morales,676190,Right,Diosbel Arias,677690,Right,vs_RHP,vs_RHB,3,2,0,False
787093,2024-10-12,bunt_grounder,sac_bunt,133.12,189.77,Carlos Morales,676190,Right,Ali Solis,455378,Right,vs_RHP,vs_RHB,1,0,0,True
787093,2024-10-12,popup,field_out,160.35,187.35,Carlos Morales,676190,Right,Jesus Fabela,652999,Right,vs_RHP,vs_RHB,2,0,1,True
787093,2024-10-12,ground_ball,field_out,133.12,190.37,CD Pelham,641962,Left,Roberto Ramos,657733,Left,vs_LHP,vs_LHB,0,0,0,True
787093,2024-10-12,ground_ball,single,168.22,142.57,CD Pelham,641962,Left,Jesse Castillo,477399,Left,vs_LHP,vs_LHB,3,2,2,False
787093,2024-10-12,fly_ball,field_out,85.32,181.9,Roel Ramírez,641995,Right,Randy Delgado,807581,Left,vs_RHP,vs_LHB,0,0,2,True
787093,2024-10-12,ground_ball,field_out,107.7,174.03,Jeff Ibarra,572943,Left,Andrés Alvarez,687019,Right,vs_LHP,vs_RHB,0,0,0,True
787093,2024-10-12,fly_ball,field_out,83.5,183.11,Jeff Ibarra,572943,Left,Esteban Quiroz,606019,Left,vs_LHP,vs_LHB,2,1,1,True
787093,2024-10-12,ground_ball,field_out,146.43,154.07,Fabian Anguamea,642856,Right,Efren Navarro,519068,Left,vs_RHP,vs_LHB,0,0,2,True
787093,2024-10-12,ground_ball,single,119.2,132.28,Stephen Nogosek,668665,Right,Jose Heberto Felix,510548,Right,vs_RHP,vs_RHB,2,2,1,False
